Region,Region-Label,Season,Season-Label,Accommodation,Accommodation-Label,Destination,Destination-Label,Budgets,Budget_Label
The center of India includes the bustling city of Nagpur.,Center,The fall season in India offers a perfect time to visit Rajasthan.,Fall,The ashram in Rishikesh is a popular destination for spiritual seekers.,Ashrams,Adventure enthusiasts flock to Rishikesh for white-water rafting.,Adventure,"With a high budget, I plan to stay at a luxury resort in Goa.",High
"Bhopal, located in central India, is known for its lakes.",Center,September in India marks the end of the monsoon season.,Fall,Many tourists visit the ashrams in Haridwar for meditation retreats.,Ashrams,The Himalayas offer numerous adventure trekking opportunities.,Adventure,My high budget allows me to book a five-star hotel in Mumbai.,High
"The heart of India, Madhya Pradesh, offers diverse experiences.",Center,October is an ideal month to explore the hill stations of Himachal Pradesh.,Fall,Staying in an ashram offers a unique cultural experience in India.,Ashrams,Manali is a popular destination for adventure sports like paragliding.,Adventure,I’ll opt for a private houseboat cruise in Kerala with my high budget.,High
"Indore, in central India, is famous for its street food.",Center,The festivals in India during November are vibrant and colorful.,Fall,The ashram near Varanasi provides yoga and meditation classes.,Ashrams,Adventure seekers enjoy rock climbing in Hampi.,Adventure,"With a high budget, I can experience the royal heritage hotels in Rajasthan.",High
The cultural heritage of central India is vast and rich.,Center,The weather in Goa during fall is perfect for beach holidays.,Fall,Tourists often choose an ashram stay to immerse in Indian spirituality.,Ashrams,Ladakh is famous for its adventure bike tours.,Adventure,My high budget will cover a luxurious stay in Delhi’s finest hotels.,High
Ujjain in central India is a key religious destination.,Center,September sees the onset of autumn in northern India.,Fall,The serene environment of the ashram in Kerala is ideal for relaxation.,Ashrams,The backwaters of Kerala provide a serene and tranquil experience.,Backwaters,I’m planning a luxury safari in Ranthambore with my high budget.,High
The central region of India is known for its wildlife sanctuaries.,Center,October in Kerala is the best time to enjoy the backwaters.,Fall,Ashrams in India often offer simple yet comfortable accommodations.,Ashrams,Alleppey is known for its beautiful backwater houseboat cruises.,Backwaters,My high budget means I can enjoy exclusive beach resorts in the Andaman Islands.,High
"Raipur, a major city in central India, is rapidly developing.",Center,The cultural festivals in November attract many tourists to India.,Fall,The ashram in Pune is famous for its spiritual teachings and practices.,Ashrams,Kumarakom offers a unique backwater resort stay.,Backwaters,I’m looking forward to staying at a high-end heritage hotel in Udaipur.,High
The center of India hosts several UNESCO World Heritage sites.,Center,Fall is a great time to visit the historical sites in Delhi.,Fall,Visitors to India often stay in ashrams to experience traditional living.,Ashrams,Exploring the backwaters in Kollam is a peaceful retreat.,Backwaters,"With a high budget, I’ll book a premium hill resort in Shimla.",High
Central India’s forests are home to many tiger reserves.,Center,September offers pleasant weather for trekking in the Himalayas.,Fall,Camping in the Thar Desert is a popular activity in Rajasthan.,Camps,The backwaters of Kerala are famous for their natural beauty.,Backwaters,My high budget allows me to indulge in luxury spas in Kerala.,High
Bhopal's central location makes it a key travel hub.,Center,October is perfect for a wildlife safari in Madhya Pradesh.,Fall,The camps in Ladakh offer a unique experience of the Himalayan landscape.,Camps,The beaches of Goa are a major tourist attraction.,Beach,I’m choosing a private villa in Goa with my high budget.,High
The central region's cuisine is a blend of various traditions.,Center,The Ganges river in November is a popular pilgrimage site.,Fall,Many tourists choose to camp near the beaches of Goa.,Camps,Kovalam Beach in Kerala is known for its scenic beauty.,Beach,My high budget will get me a stay in one of Bangalore’s luxury hotels.,High
Central India’s history is marked by ancient kingdoms.,Center,Fall brings a magical charm to the city of Udaipur.,Fall,Camping in the forests of Madhya Pradesh provides a close encounter with nature.,Camps,The beaches of Andaman offer crystal clear waters and white sands.,Beach,"With a high budget, I’ll enjoy the regal palaces of Jaipur.",High
The vibrant festivals in central India attract many tourists.,Center,September is a great month to explore the tea gardens of Darjeeling.,Fall,The Rishikesh camps by the Ganges are perfect for adventure enthusiasts.,Camps,Puri Beach in Odisha is a popular destination for beach lovers.,Beach,I’m planning to stay on a luxury houseboat in Srinagar with my high budget.,High
The central plains of India are fertile and densely populated.,Center,October is the peak tourist season in Rajasthan.,Fall,Camps in Himachal Pradesh are popular for trekking and hiking.,Camps,Gokarna in Karnataka has some of the most serene beaches.,Beach,My high budget means a stay at a premium backwater resort in Kumarakom.,High
"Jabalpur, in central India, is famous for its marble rocks.",Center,The weather in November is ideal for visiting the deserts of Jaisalmer.,Fall,The desert camps in Jaisalmer offer a glimpse of Rajasthani culture.,Camps,The coastal city of Mumbai is known for its vibrant culture.,Coastal,I’ll choose a luxury wildlife resort in Bandhavgarh with my high budget.,High
The central belt of India is crucial for its agriculture.,Center,The fall foliage in India’s hill stations is breathtaking.,Fall,Camping in the Western Ghats is a must for nature lovers.,Camps,"Chennai, a major coastal city, is famous for Marina Beach.",Coastal,My high budget allows me to stay at a five-star hotel in Chennai.,High
Central India's temples are architectural marvels.,Center,September in India is a great time for adventure sports.,Fall,The camps in Kerala’s backwaters provide a unique stay experience.,Camps,The coastal regions of Gujarat offer beautiful seaside views.,Coastal,"With a high budget, I’ll book a serene stay at a luxury resort in Ooty.",High
The central Indian city of Gwalior has a magnificent fort.,Center,October is known for the Durga Puja festival in Kolkata.,Fall,Tourists enjoy the serene environment of camping in the Nilgiris.,Camps,Mangalore in Karnataka is a popular coastal destination.,Coastal,I’m planning to stay in an exclusive heritage hotel in Jodhpur with my high budget.,High
The rivers of central India play a vital role in agriculture.,Center,The Pushkar Fair in November is a major attraction in Rajasthan.,Fall,The guesthouses in Jaipur are known for their warm hospitality.,Guesthouses,The coastal town of Pondicherry is known for its French architecture.,Coastal,My high budget will cover a stay in luxury tents in Jaisalmer.,High
"Kolkata, in eastern India, is known for its cultural heritage.",East,Fall is the best time to visit the beaches of Kovalam.,Fall,Many travelers prefer guesthouses for their affordable accommodations in India.,Guesthouses,The coastal drive along the Konkan coast is breathtaking.,Coastal,"With a high budget, I’ll book a premium resort in Kovalam.",High
The east coast of India is lined with beautiful beaches.,East,September offers a serene environment in the temples of Tamil Nadu.,Fall,Guesthouses in Goa offer a cozy and homely stay near the beaches.,Guesthouses,The cultural festivals in Varanasi are a major attraction.,Cultural,My high budget means I can enjoy a luxury cruise in Kerala.,High
The tea gardens of Assam are located in eastern India.,East,October is perfect for exploring the ancient ruins of Hampi.,Fall,The guesthouse in Shimla provides a comfortable stay with scenic views.,Guesthouses,Rajasthan is known for its rich cultural heritage.,Cultural,I’m looking forward to staying at a five-star hotel in Hyderabad with my high budget.,High
The eastern region of India is famous for its festivals.,East,The weather in November is pleasant for visiting the city of Agra.,Fall,Staying in a guesthouse in Kerala offers an authentic local experience.,Guesthouses,The cultural dance forms of Kerala are mesmerizing.,Cultural,My high budget allows me to book a luxury boutique hotel in Pondicherry.,High
Bhubaneswar in eastern India is known as the city of temples.,East,Fall in India is marked by numerous cultural and religious festivals.,Fall,Guesthouses in Delhi are popular among budget travelers.,Guesthouses,Kolkata is famous for its cultural festivals and events.,Cultural,I’ll choose an exclusive beach resort in Kovalam with my high budget.,High
The eastern Himalayas offer stunning trekking routes.,East,Spring in India brings a burst of colors to the gardens of Chandigarh.,Spring,The guesthouse in Udaipur offers stunning views of the lakes.,Guesthouses,The cultural heritage of Tamil Nadu is showcased in its temples.,Cultural,My high budget will cover a stay at a luxury resort in Coorg.,High
Eastern India's cuisine includes the famous Bengali sweets.,East,"March is the month of Holi, the festival of colors in India.",Spring,Tourists often choose guesthouses in Manali for a peaceful retreat.,Guesthouses,The cultural diversity of India is evident in its festivals.,Cultural,"With a high budget, I’ll stay at a premium hill resort in Manali.",High
The Sundarbans in eastern India are home to the Bengal tiger.,East,The weather in April is perfect for a trip to the Andaman Islands.,Spring,The guesthouses in Varanasi are known for their proximity to the ghats.,Guesthouses,The Thar Desert in Rajasthan offers a unique desert safari experience.,Desert,I’m planning to book a luxury houseboat in Alappuzha with my high budget.,High
The cultural dances of eastern India are mesmerizing.,East,May marks the beginning of summer in India with warm days.,Spring,A guesthouse in Rishikesh is ideal for those seeking spiritual experiences.,Guesthouses,Jaisalmer is known for its golden desert landscapes.,Desert,My high budget allows me to indulge in exclusive spa resorts in Kerala.,High
The east of India is known for its vibrant arts scene.,East,The spring season is ideal for exploring the forts of Rajasthan.,Spring,The heritage hotels in Jaipur offer a royal experience.,Heritage Hotels,The desert festivals in Rajasthan are colorful and lively.,Desert,I’ll stay at a luxury resort in Munnar with my high budget.,High
"The state of Odisha, in eastern India, has rich traditions.",East,March is a great time to visit the coffee plantations in Coorg.,Spring,Many tourists prefer heritage hotels in Udaipur for their historic charm.,Heritage Hotels,Camel rides in the deserts of Bikaner are a major attraction.,Desert,"With a high budget, I’ll enjoy staying at a premium heritage hotel in Jaipur.",High
Eastern India's heritage includes ancient Buddhist sites.,East,April is perfect for a houseboat stay in Kerala.,Spring,Heritage hotels in Jodhpur provide a glimpse into Rajasthan’s rich history.,Heritage Hotels,The desert camps in Jodhpur offer a royal experience.,Desert,My high budget will cover a tranquil backwater resort in Kumarakom.,High
The east Indian city of Patna has a rich historical past.,East,The flowers in full bloom make May a beautiful month in Ooty.,Spring,The heritage hotel in Agra offers a luxurious stay near the Taj Mahal.,Heritage Hotels,The heritage sites in Jaipur are UNESCO World Heritage sites.,Heritage,I’m looking forward to a five-star hotel stay in Agra with my high budget.,High
The scenic beauty of eastern India's hills is captivating.,East,Spring is the best time to visit the wildlife sanctuaries in India.,Spring,Staying in a heritage hotel in Kerala allows guests to experience traditional architecture.,Heritage Hotels,The heritage walks in Delhi showcase its rich history.,Heritage,"With a medium budget, I can stay at a mid-range hotel in Delhi.",Medium
The east coast is dotted with ancient ports and towns.,East,March is the start of the tourist season in Manali.,Spring,The heritage hotels in Delhi are known for their colonial-era elegance.,Heritage Hotels,Udaipur is known for its beautiful heritage palaces.,Heritage,My medium budget allows me to book a comfortable resort in Goa.,Medium
The eastern region has a significant tribal population.,East,April brings pleasant weather for exploring the cities of Gujarat.,Spring,Tourists enjoy the regal ambiance of heritage hotels in Mysore.,Heritage Hotels,The heritage temples of Tamil Nadu are architectural marvels.,Heritage,I’ll opt for a guesthouse in Jaipur with my medium budget.,Medium
"Puri, in eastern India, hosts the famous Rath Yatra festival.",East,The hill stations of India are at their best in May.,Spring,Heritage hotels in Rajasthan are famous for their grand palaces and forts.,Heritage Hotels,The heritage forts in Rajasthan are a testament to its royal past.,Heritage,"With a medium budget, I’ll stay at a mid-range hotel in Mumbai.",Medium
"The eastern plains are lush and fertile, ideal for farming.",East,Spring in India is celebrated with many cultural festivals.,Spring,The heritage hotel in Varanasi provides a unique stay along the Ganges.,Heritage Hotels,Heritage tours in India include visits to ancient ruins and monuments.,Heritage,My medium budget will cover a homestay in Kerala.,Medium
The festivals of eastern India are celebrated with great zeal.,East,March is ideal for a heritage walk in the old cities of India.,Spring,Visitors to India often choose heritage hotels for a taste of royal luxury.,Heritage Hotels,The hill station of Shimla is a popular summer retreat.,Hill Station,I’m planning to book a resort in Shimla with my medium budget.,Medium
The eastern states have a unique blend of cultures and languages.,East,April is a great month to enjoy the beaches of Goa.,Spring,Homestays in Kerala offer an authentic experience of local life.,Homestays,Darjeeling is a famous hill station known for its tea gardens.,Hill Station,My medium budget means I can stay at a boutique hotel in Pondicherry.,Medium
"Delhi, in northern India, is the capital city.",North,The tea gardens in Assam are lush and green in May.,Spring,Many tourists prefer homestays in Himachal Pradesh for a cozy stay.,Homestays,The hill stations in Kerala offer a cool and pleasant climate.,Hill Station,I’ll choose a mid-range hotel in Bangalore with my medium budget.,Medium
The north of India is famous for the Himalayan range.,North,Spring is perfect for visiting the lakes of Nainital.,Spring,Staying in a homestay in Rajasthan allows guests to experience traditional hospitality.,Homestays,Ooty is a charming hill station in Tamil Nadu.,Hill Station,My medium budget allows me to stay at a resort in Manali.,Medium
Amritsar in northern India is home to the Golden Temple.,North,March offers a pleasant climate for sightseeing in Delhi.,Spring,Homestays in Goa provide a homely environment near the beaches.,Homestays,The hill station of Manali is known for its scenic beauty.,Hill Station,"With a medium budget, I’ll book a guesthouse in Varanasi.",Medium
The north Indian city of Agra is famous for the Taj Mahal.,North,April is ideal for a cultural tour of Karnataka.,Spring,The homestay in Coorg is popular for its coffee plantations and scenic beauty.,Homestays,The Andaman Islands are known for their pristine beaches.,Island,My medium budget will cover a heritage hotel stay in Rajasthan.,Medium
Northern India's cuisine includes the famous butter chicken.,North,The scenic beauty of Shimla is enhanced in May.,Spring,Tourists often choose homestays in Tamil Nadu for a cultural immersion.,Homestays,Lakshadweep Islands offer a unique marine experience.,Island,I’m planning to stay at a mid-range resort in Ooty with my medium budget.,Medium
The festivals of northern India are vibrant and colorful.,North,Spring in India brings many fairs and festivals.,Spring,The homestay in Darjeeling offers stunning views of the tea gardens.,Homestays,The island of Diu is a serene coastal retreat.,Island,My medium budget means I can stay at a hotel near Goa’s beaches.,Medium
The north of India has many ancient forts and palaces.,North,March is the best time for a desert safari in Jodhpur.,Spring,Homestays in Uttarakhand are ideal for those seeking a peaceful retreat.,Homestays,Majuli Island in Assam is the world's largest river island.,Island,"With a medium budget, I’ll book a hotel in Chennai.",Medium
The deserts of northern India offer unique experiences.,North,April is great for exploring the backwaters of Alappuzha.,Spring,Staying in a homestay in Kerala’s backwaters provides a unique experience.,Homestays,The islands of Goa are perfect for a secluded holiday.,Island,My medium budget allows me to enjoy a houseboat stay in Kerala.,Medium
Northern India’s cities are known for their bustling markets.,North,The valleys of Kashmir are stunning in May.,Spring,The homestay in Assam offers a close encounter with local traditions and cuisine.,Homestays,The Nicobar Islands are a hidden gem in the Indian Ocean.,Island,I’ll choose a mid-range resort in Coorg with my medium budget.,Medium
"Chandigarh, a northern city, is known for its modern architecture.",North,Spring is a popular time for tourists to visit the Taj Mahal.,Spring,The hotels in Mumbai offer luxurious accommodations with stunning city views.,Hotels,The nightlife in Mumbai is vibrant and lively.,Nightlife,My medium budget will cover a hotel stay in Hyderabad.,Medium
The northern region of India experiences extreme climates.,North,Summer in India is perfect for a trip to the cool hills of Darjeeling.,Summer,Many tourists prefer hotels in Delhi for their convenient location and amenities.,Hotels,Goa is famous for its beach parties and nightlife.,Nightlife,I’m planning to book a guesthouse in Rishikesh with my medium budget.,Medium
North India's rivers like the Ganges are considered sacred.,North,June marks the beginning of the monsoon season in Kerala.,Summer,Hotels in Goa are popular for their proximity to the beaches and nightlife.,Hotels,The nightlife in Delhi includes many clubs and bars.,Nightlife,My medium budget means I can stay at a hill resort in Darjeeling.,Medium
The culture of northern India is influenced by various dynasties.,North,July is a great time to visit the lush green valleys of Uttarakhand.,Summer,The hotels in Jaipur provide a royal experience with modern comforts.,Hotels,Bangalore has a thriving nightlife scene with many pubs.,Nightlife,"With a medium budget, I’ll book a hotel in Kolkata.",Medium
Northern India is known for its rich history and heritage.,North,The festivals in August bring a vibrant atmosphere to India.,Summer,Staying in a hotel in Kerala offers a relaxing retreat with scenic views.,Hotels,The nightlife in Hyderabad is popular among young crowds.,Nightlife,My medium budget allows me to stay at a resort in Alappuzha.,Medium
The northern states are popular for their hill stations.,North,Summer is ideal for a trekking expedition in Ladakh.,Summer,Hotels in Agra offer a comfortable stay near the iconic Taj Mahal.,Hotels,Varanasi is a major pilgrimage site for Hindus.,Pilgrimage,I’ll choose a guesthouse in Udaipur with my medium budget.,Medium
Northern India's fairs and festivals attract many visitors.,North,June is the best month to explore the waterfalls in Meghalaya.,Summer,The hotels in Bengaluru are known for their world-class facilities and services.,Hotels,The pilgrimage to Amarnath in Kashmir is an arduous journey.,Pilgrimage,My medium budget will cover a stay at a beach resort in Kerala.,Medium
The north of India is home to many pilgrimage sites.,North,July is a great time for a boat ride in the backwaters of Kerala.,Summer,Tourists often choose hotels in Shimla for a comfortable stay in the hills.,Hotels,Rishikesh is known as the yoga and pilgrimage capital of India.,Pilgrimage,"With a medium budget, I’ll book a hotel in Jaipur.",Medium
The textiles from northern India are renowned worldwide.,North,The weather in August is perfect for a visit to the hill stations.,Summer,Hotels in Udaipur offer luxurious stays with beautiful lake views.,Hotels,The Golden Temple in Amritsar is a significant pilgrimage site.,Pilgrimage,My medium budget allows me to enjoy a homestay in Coorg.,Medium
The north Indian state of Punjab is famous for its music and dance.,North,Summer in India is celebrated with many regional festivals.,Summer,The hotels in Chennai provide a perfect blend of comfort and hospitality.,Hotels,The pilgrimage to Vaishno Devi in Jammu attracts millions of devotees.,Pilgrimage,I’m planning to stay at a guesthouse in Jodhpur with my medium budget.,Medium
The cuisines of northern India are diverse and flavorful.,North,June offers a serene environment for a retreat in Rishikesh.,Summer,The houseboats in Kerala’s backwaters offer a unique and serene stay.,Houseboats,The pilgrimage to Tirupati in Andhra Pradesh is highly revered.,Pilgrimage,My medium budget means I can book a hotel near Tamil Nadu’s temples.,Medium
"Chennai, in southern India, is known for its Marina Beach.",South,July is perfect for exploring the caves of Maharashtra.,Summer,Many tourists choose houseboats in Srinagar for a romantic getaway.,Houseboats,Udaipur is known as the most romantic city in India.,Romantic,"With a medium budget, I’ll stay at a mid-range resort in Munnar.",Medium
The south of India is famous for its temple architecture.,South,The beaches of Andaman are inviting in August.,Summer,Houseboat stays in Alleppey provide a close encounter with Kerala’s natural beauty.,Houseboats,The houseboats in Kerala offer a romantic getaway.,Romantic,My medium budget allows me to stay at a hotel near Rajasthan’s forts.,Medium
Bengaluru in southern India is the IT hub of the country.,South,Summer is the best time to visit the cool climes of Manali.,Summer,The houseboats on Dal Lake in Kashmir offer a luxurious experience.,Houseboats,The beaches of Goa are perfect for a romantic vacation.,Romantic,I’ll choose a guesthouse in Manali with my medium budget.,Medium
Southern India's cuisine includes the famous dosa and sambar.,South,June is great for a cultural tour of the temples in Tamil Nadu.,Summer,Tourists enjoy the peaceful ambiance of houseboat stays in Kumarakom.,Houseboats,The hill station of Ooty is ideal for a romantic retreat.,Romantic,My medium budget will cover a heritage hotel stay in Udaipur.,Medium
"The backwaters of Kerala, in southern India, are a major attraction.",South,July is the peak season for visiting the tea gardens of Assam.,Summer,Houseboats in Kerala are popular for their traditional design and comfort.,Houseboats,A romantic dinner by the lake in Nainital is unforgettable.,Romantic,"With a medium budget, I’ll book a tranquil resort in Kumarakom.",Medium
The south Indian state of Tamil Nadu is rich in cultural heritage.,South,The scenic beauty of Munnar is at its best in August.,Summer,Staying on a houseboat in Srinagar offers stunning views of the surrounding mountains.,Houseboats,The backwaters of Kerala provide a serene and romantic setting.,Romantic,My medium budget means I can stay at a hotel in Goa.,Medium
"Hyderabad, in southern India, is known for its biryani.",South,Summer in India is ideal for visiting the Himalayan regions.,Summer,The houseboats in Kerala provide a unique way to explore the backwaters.,Houseboats,"The scenic beauty of Kashmir is often called ""Paradise on Earth.""",Scenic,I’m planning to book a guesthouse in Darjeeling with my medium budget.,Medium
"The beaches of Goa, in southern India, attract tourists worldwide.",South,June is a great month for exploring the forests of Madhya Pradesh.,Summer,Tourists often choose houseboats in Kashmir for a unique stay experience.,Houseboats,The backwaters of Kerala are known for their scenic views.,Scenic,"With a low budget, I can stay at a budget hotel in Delhi.",Low
Southern India's festivals are celebrated with great enthusiasm.,South,July brings a refreshing monsoon to the Western Ghats.,Summer,Houseboat stays in Kerala are ideal for those seeking a tranquil retreat.,Houseboats,The hill station of Darjeeling offers scenic landscapes.,Scenic,My low budget allows me to book an affordable guesthouse in Goa.,Low
The hill stations of southern India offer a cool retreat.,South,The festivals in August attract many tourists to Kerala.,Summer,The monasteries in Ladakh offer serene accommodations for spiritual seekers.,Monasteries,The scenic drive along the Konkan coast is breathtaking.,Scenic,I’ll opt for a hostel in Jaipur with my low budget.,Low
The south of India is known for its classical music and dance.,South,Summer in India offers a chance to explore the cooler regions.,Summer,Many tourists visit the monasteries in Sikkim for meditation retreats.,Monasteries,The tea gardens in Munnar are a scenic delight.,Scenic,"With a low budget, I’ll stay at a budget hotel in Mumbai.",Low
The coffee plantations of southern India are famous.,South,June is perfect for a wildlife safari in Ranthambore.,Summer,Staying in a monastery in Himachal Pradesh provides a peaceful environment.,Monasteries,The scenic beauty of Himachal Pradesh attracts many tourists.,Scenic,My low budget will cover a budget lodge in Kerala.,Low
Southern India's wildlife sanctuaries are home to diverse species.,South,July is the best time for a visit to the hill station of Kodaikanal.,Summer,The monasteries in Arunachal Pradesh offer a unique cultural experience.,Monasteries,Gulmarg is the most popular skiing destination in India.,Skiing,I’m planning to stay at a low-cost guesthouse in Shimla.,Low
The architecture of southern India’s temples is intricate and grand.,South,The lush landscapes of Wayanad are inviting in August.,Summer,Monastery stays in India are popular for their spiritual teachings and practices.,Monasteries,The skiing slopes of Auli attract adventure enthusiasts.,Skiing,My low budget means I can stay at a budget hotel in Pondicherry.,Low
The south Indian city of Mysore is known for its palace.,South,Summer is a popular time for adventure sports in India.,Summer,Tourists often choose monastery stays in Dharamshala for a serene retreat.,Monasteries,Skiing in Manali offers thrilling experiences for tourists.,Skiing,I’ll choose a budget hotel in Bangalore with my low budget.,Low
Southern India has a rich tradition of silk weaving.,South,Winter in India is perfect for a visit to the deserts of Rajasthan.,Winter,The monasteries in India are known for their beautiful architecture and tranquility.,Monasteries,The ski resorts in Himachal Pradesh are well-equipped.,Skiing,My low budget allows me to stay at a guesthouse in Manali.,Low
The scenic beauty of southern India's landscapes is breathtaking.,South,December marks the beginning of the festive season in India.,Winter,Staying in a monastery in Bhutan provides an immersive spiritual experience.,Monasteries,Skiing in the Himalayas is a major winter attraction.,Skiing,"With a low budget, I’ll book a hostel in Varanasi.",Low
The backwaters in southern India provide a unique experience.,South,January is a great month to explore the cultural sites in Tamil Nadu.,Winter,The monasteries in Spiti Valley offer a unique stay in a remote location.,Monasteries,The trekking trails in the Himalayas are world-famous.,Trekking,My low budget will cover a budget hotel stay in Rajasthan.,Low
The southern region of India has a tropical climate.,South,The weather in February is ideal for a beach holiday in Goa.,Winter,Monastery stays in India are ideal for those seeking a peaceful and spiritual environment.,Monasteries,Trekking in Ladakh offers breathtaking views of the mountains.,Trekking,I’m planning to stay at a low-cost lodge in Ooty with my low budget.,Low
The cuisines of southern India are known for their use of spices.,South,Winter is the best time to visit the Rann of Kutch.,Winter,The monasteries in Tawang are known for their ancient manuscripts and peaceful ambiance.,Monasteries,The Valley of Flowers trek in Uttarakhand is a must-do.,Trekking,My low budget means I can stay at budget accommodations near Goa’s beaches.,Low
"Mumbai, in western India, is the financial capital.",West,December is perfect for a cultural tour of the temples in Karnataka.,Winter,Tourists seeking tranquility often stay in monasteries in the Nubra Valley.,Monasteries,Trekking in Himachal Pradesh is popular among adventure seekers.,Trekking,"With a low budget, I’ll book a budget hotel in Chennai.",Low
The west of India is famous for its vibrant festivals.,West,January is the peak season for visiting the hill stations in India.,Winter,The resorts in Goa offer luxurious accommodations with beach access.,Resorts,The trekking routes in Sikkim offer stunning landscapes.,Trekking,My low budget allows me to enjoy a budget houseboat in Kerala.,Low
"The state of Gujarat, in western India, is known for its crafts.",West,The festivals in February bring a vibrant atmosphere to India.,Winter,Many tourists prefer resorts in Kerala for their scenic beauty and comfort.,Resorts,Trekking in the Western Ghats is an unforgettable experience.,Trekking,I’ll choose a low-cost guesthouse in Coorg with my low budget.,Low
Western India's cuisine includes the famous Gujarati thali.,West,Winter in India is celebrated with many regional festivals.,Winter,Resorts in Rajasthan provide a royal experience with modern amenities.,Resorts,Mumbai is a bustling urban city with a vibrant lifestyle.,Urban,My low budget will cover a budget hotel stay in Hyderabad.,Low
"The deserts of Rajasthan, in western India, are spectacular.",West,December is a great time for a heritage walk in Delhi.,Winter,The resorts in Himachal Pradesh offer a relaxing retreat in the mountains.,Resorts,"Delhi, the capital city, is a major urban center in India.",Urban,I’m planning to book a hostel in Rishikesh with my low budget.,Low
Western India's coastline has many beautiful beaches.,West,January is perfect for a wildlife safari in Corbett National Park.,Winter,Staying in a resort in Uttarakhand provides a close encounter with nature.,Resorts,Bangalore is known for its urban culture and IT industry.,Urban,My low budget means I can stay at a budget hill lodge in Darjeeling.,Low
The forts and palaces of western India are historical treasures.,West,The beaches of Kerala are inviting in February.,Winter,Resorts in Karnataka are popular for their serene environment and luxury.,Resorts,The urban landscape of Chennai is a mix of modern and traditional.,Urban,"With a low budget, I’ll book a budget hotel in Kolkata.",Low
The western state of Maharashtra has a rich cultural heritage.,West,Winter is the best time to explore the forts and palaces of Jaipur.,Winter,The resorts in Kerala’s backwaters offer a unique and tranquil stay.,Resorts,Kolkata is a major urban hub with rich cultural heritage.,Urban,My low budget allows me to stay at a budget guesthouse in Alappuzha.,Low
The west Indian city of Pune is known for its educational institutions.,West,December offers a pleasant climate for sightseeing in Mumbai.,Winter,Tourists often choose resorts in Maharashtra for a comfortable and relaxing stay.,Resorts,The urban city of Pune is known for its educational institutions.,Urban,I’ll choose a budget lodge in Udaipur with my low budget.,Low
Western India's music and dance forms are diverse.,West,January is ideal for visiting the historical sites in Gujarat.,Winter,Resorts in Tamil Nadu provide a perfect blend of comfort and traditional hospitality.,Resorts,Hyderabad is an urban center with a blend of history and modernity.,Urban,My low budget will cover a stay at a budget beach hotel in Kerala.,Low
The wildlife sanctuaries in western India are well-preserved.,West,The weather in February is perfect for a trip to the Andaman Islands.,Winter,The resorts in Andaman Islands offer a luxurious stay with stunning sea views.,Resorts,"Jaipur, with its urban development, retains its royal charm.",Urban,"With a low budget, I’ll book a budget hotel in Jaipur.",Low
The festivals of western India are colorful and lively.,West,Winter in India brings many fairs and festivals.,Winter,Resorts in Jaipur offer a royal ambiance with modern facilities.,Resorts,The wildlife sanctuaries in India are home to diverse species.,Wildlife,My low budget allows me to enjoy a budget homestay in Coorg.,Low
The western region of India has a diverse climate.,West,December is the best time for a visit to the tea gardens of Darjeeling.,Winter,The resorts in Ooty are surrounded by lush green hills and tea gardens.,Resorts,Ranthambore National Park is famous for its tiger population.,Wildlife,I’m planning to stay at a budget guesthouse in Jodhpur with my low budget.,Low
The handicrafts of western India are renowned globally.,West,January is great for exploring the backwaters of Kerala.,Winter,Tourists enjoy the wellness resorts in Kerala for Ayurvedic treatments.,Resorts,The wildlife in Kaziranga National Park includes the one-horned rhinoceros.,Wildlife,My low budget means I can book a budget hotel near Tamil Nadu’s temples.,Low
Western India's markets are vibrant and bustling.,West,The valleys of Kashmir are stunning in February.,Winter,The beach resorts in Kovalam provide breathtaking views of the Arabian Sea.,Resorts,The Sundarbans are known for their unique mangrove wildlife.,Wildlife,"With a low budget, I’ll stay at a low-cost lodge in Munnar.",Low
The west Indian city of Ahmedabad is known for its textiles.,West,Winter is a popular time for tourists to visit the Taj Mahal.,Winter,The resorts in Manali offer cozy accommodations with scenic mountain views.,Resorts,Bandipur National Park is a popular wildlife destination in Karnataka.,Wildlife,My low budget allows me to stay at a budget hotel near Rajasthan’s forts.,Low
The cuisine of western India includes delicious street food.,West,December is the best month to explore the forests of Madhya Pradesh.,Winter,Resorts in Alibaug are popular for their proximity to Mumbai and serene beaches.,Resorts,The wildlife in Jim Corbett National Park attracts many tourists.,Wildlife,I’ll choose a hostel in Manali with my low budget.,Low
The western Ghats in India are a biodiversity hotspot.,West,January is ideal for a cultural tour of the cities in Rajasthan.,Winter,The eco-resorts in Coorg offer sustainable living amidst coffee plantations.,Resorts,Periyar Wildlife Sanctuary in Kerala is famous for its elephants.,Wildlife,My low budget will cover a budget heritage lodge in Udaipur.,Low
The historical sites in western India attract many tourists.,West,The scenic beauty of Shimla is enhanced in February.,Winter,Resorts in Rishikesh provide a perfect retreat for yoga and meditation.,Resorts,The wildlife in Gir National Park includes the Asiatic lion.,Wildlife,"With a low budget, I’ll book a low-cost guesthouse in Kumarakom.",Low
The western region of India is known for its hospitality.,West,Winter in India offers a chance to experience the local culture and traditions.,Winter,The luxury resorts in Udaipur are known for their exquisite lake views.,Resorts,Kanha National Park is a major wildlife reserve in Madhya Pradesh.,Wildlife,My low budget means I can stay at a budget hotel in Goa.,Low
